{"cameraMode":{"drawMode":31,"name":"Sprite Mask","section":"Miscellaneous"},"sceneLighting":true,"audioPlay":false,"sceneViewState":{"showFog":true,"showMaterialUpdate":false,"showSkybox":true,"showFlares":true,"showImageEffects":true,"showParticleSystems":true},"in2DMode":false,"pivot":{"x":-596.4210205078125,"y":-228.00428771972657,"z":-11.843332290649414},"rotation":{"x":0.10677408427000046,"y":-0.7919589877128601,"z":0.14275911450386048,"w":0.5839692950248718},"size":102.88583374023438,"orthographic":false}