{"cameraMode":{"drawMode":1,"name":"Wireframe","section":"Shading Mode"},"sceneLighting":false,"audioPlay":false,"sceneViewState":{"showFog":true,"showMaterialUpdate":false,"showSkybox":true,"showFlares":true,"showImageEffects":true,"showParticleSystems":true},"in2DMode":false,"pivot":{"x":0.009007632732391358,"y":0.5624864101409912,"z":-0.11599063873291016},"rotation":{"x":-0.0026695316191762687,"y":-0.9953423142433167,"z":0.08507311344146729,"w":-0.04526735842227936},"size":8.299774169921875,"orthographic":false}